customer_id_legacy,transaction_id,purchase_amount,customer_rating,product_category_encoded,purchase_date,product_category,purchase_month,avg_purchase_amount,days_since_last_purchase,legacy_id,customer_id_new,social_media_platform,engagement_score,purchase_interest_score,review_sentiment,transaction_count,normalized_transactions
100,1130,384.9209893785082,4.218167568865089,0,2024-01-10,Books,1,315.06465750002,0.0,,,None,,,Unknown,,
100,1113,175.92816082875217,4.0,1,2024-04-22,Clothing,4,315.06465750002,103.0,,,None,,,Unknown,,
100,1147,384.3448222927995,4.6,0,2024-05-26,Books,5,315.06465750002,34.0,,,None,,,Unknown,,
101,1059,425.4205690049535,2.408379731936962,0,2024-02-26,Groceries,2,256.9525898500308,0.0,101.0,A116,Twitter,1.0,1.1,Negative,50.0,1.0
101,1059,425.4205690049535,2.408379731936962,0,2024-02-26,Groceries,2,256.9525898500308,0.0,101.0,A116,LinkedIn,1.0,2.4,Neutral,50.0,1.0
101,1059,425.4205690049535,2.408379731936962,0,2024-02-26,Groceries,2,256.9525898500308,0.0,101.0,A116,Instagram,1.0,4.6,Neutral,50.0,1.0
101,1059,425.4205690049535,2.408379731936962,0,2024-02-26,Groceries,2,256.9525898500308,0.0,101.0,A116,TikTok,1.0,1.2,Negative,50.0,1.0
101,1059,414.5249569232805,2.4121022304340984,0,2024-02-27,Clothing,2,256.9525898500308,1.0,101.0,A116,Twitter,1.0,1.1,Negative,50.0,1.0
101,1059,414.5249569232805,2.4121022304340984,0,2024-02-27,Clothing,2,256.9525898500308,1.0,101.0,A116,LinkedIn,1.0,2.4,Neutral,50.0,1.0
101,1059,414.5249569232805,2.4121022304340984,0,2024-02-27,Clothing,2,256.9525898500308,1.0,101.0,A116,Instagram,1.0,4.6,Neutral,50.0,1.0
101,1059,414.5249569232805,2.4121022304340984,0,2024-02-27,Clothing,2,256.9525898500308,1.0,101.0,A116,TikTok,1.0,1.2,Negative,50.0,1.0
101,1073,153.77792186260382,2.025114040446724,0,2024-03-13,Electronics,3,256.9525898500308,15.0,101.0,A116,Twitter,1.0,1.1,Negative,50.0,1.0
101,1073,153.77792186260382,2.025114040446724,0,2024-03-13,Electronics,3,256.9525898500308,15.0,101.0,A116,LinkedIn,1.0,2.4,Neutral,50.0,1.0
101,1073,153.77792186260382,2.025114040446724,0,2024-03-13,Electronics,3,256.9525898500308,15.0,101.0,A116,Instagram,1.0,4.6,Neutral,50.0,1.0
101,1073,153.77792186260382,2.025114040446724,0,2024-03-13,Electronics,3,256.9525898500308,15.0,101.0,A116,TikTok,1.0,1.2,Negative,50.0,1.0
101,1073,158.35611321656936,1.9100147467466024,0,2024-03-13,Groceries,3,256.9525898500308,0.0,101.0,A116,Twitter,1.0,1.1,Negative,50.0,1.0
101,1073,158.35611321656936,1.9100147467466024,0,2024-03-13,Groceries,3,256.9525898500308,0.0,101.0,A116,LinkedIn,1.0,2.4,Neutral,50.0,1.0
101,1073,158.35611321656936,1.9100147467466024,0,2024-03-13,Groceries,3,256.9525898500308,0.0,101.0,A116,Instagram,1.0,4.6,Neutral,50.0,1.0
101,1073,158.35611321656936,1.9100147467466024,0,2024-03-13,Groceries,3,256.9525898500308,0.0,101.0,A116,TikTok,1.0,1.2,Negative,50.0,1.0
101,1073,149.21128597837358,2.2413443631369736,0,2024-03-14,Sports,3,256.9525898500308,1.0,101.0,A116,Twitter,1.0,1.1,Negative,50.0,1.0
101,1073,149.21128597837358,2.2413443631369736,0,2024-03-14,Sports,3,256.9525898500308,1.0,101.0,A116,LinkedIn,1.0,2.4,Neutral,50.0,1.0
101,1073,149.21128597837358,2.2413443631369736,0,2024-03-14,Sports,3,256.9525898500308,1.0,101.0,A116,Instagram,1.0,4.6,Neutral,50.0,1.0
101,1073,149.21128597837358,2.2413443631369736,0,2024-03-14,Sports,3,256.9525898500308,1.0,101.0,A116,TikTok,1.0,1.2,Negative,50.0,1.0
101,1017,279.8136703527455,2.1,0,2024-01-17,Books,1,256.9525898500308,-57.0,101.0,A116,Twitter,1.0,1.1,Negative,50.0,1.0
101,1017,279.8136703527455,2.1,0,2024-01-17,Books,1,256.9525898500308,-57.0,101.0,A116,LinkedIn,1.0,2.4,Neutral,50.0,1.0
101,1017,279.8136703527455,2.1,0,2024-01-17,Books,1,256.9525898500308,-57.0,101.0,A116,Instagram,1.0,4.6,Neutral,50.0,1.0
101,1017,279.8136703527455,2.1,0,2024-01-17,Books,1,256.9525898500308,-57.0,101.0,A116,TikTok,1.0,1.2,Negative,50.0,1.0
101,1021,197.87177874258265,3.4,3,2024-01-21,Groceries,1,256.9525898500308,4.0,101.0,A116,Twitter,1.0,1.1,Negative,50.0,1.0
101,1021,197.87177874258265,3.4,3,2024-01-21,Groceries,1,256.9525898500308,4.0,101.0,A116,LinkedIn,1.0,2.4,Neutral,50.0,1.0
101,1021,197.87177874258265,3.4,3,2024-01-21,Groceries,1,256.9525898500308,4.0,101.0,A116,Instagram,1.0,4.6,Neutral,50.0,1.0
101,1021,197.87177874258265,3.4,3,2024-01-21,Groceries,1,256.9525898500308,4.0,101.0,A116,TikTok,1.0,1.2,Negative,50.0,1.0
101,1059,387.5136230056986,2.5,0,2024-02-28,Books,2,256.9525898500308,38.0,101.0,A116,Twitter,1.0,1.1,Negative,50.0,1.0
101,1059,387.5136230056986,2.5,0,2024-02-28,Books,2,256.9525898500308,38.0,101.0,A116,LinkedIn,1.0,2.4,Neutral,50.0,1.0
101,1059,387.5136230056986,2.5,0,2024-02-28,Books,2,256.9525898500308,38.0,101.0,A116,Instagram,1.0,4.6,Neutral,50.0,1.0
101,1059,387.5136230056986,2.5,0,2024-02-28,Books,2,256.9525898500308,38.0,101.0,A116,TikTok,1.0,1.2,Negative,50.0,1.0
101,1073,146.08338956346932,2.1,0,2024-03-13,Books,3,256.9525898500308,14.0,101.0,A116,Twitter,1.0,1.1,Negative,50.0,1.0
101,1073,146.08338956346932,2.1,0,2024-03-13,Books,3,256.9525898500308,14.0,101.0,A116,LinkedIn,1.0,2.4,Neutral,50.0,1.0
101,1073,146.08338956346932,2.1,0,2024-03-13,Books,3,256.9525898500308,14.0,101.0,A116,Instagram,1.0,4.6,Neutral,50.0,1.0
101,1073,146.08338956346932,2.1,0,2024-03-13,Books,3,256.9525898500308,14.0,101.0,A116,TikTok,1.0,1.2,Negative,50.0,1.0
102,1045,353.01982880684824,4.499580653605775,2,2024-02-11,Clothing,2,226.84497607236457,0.0,,,None,,,Unknown,,
102,1014,100.14667696829068,3.2,2,2024-01-14,Electronics,1,226.84497607236457,-28.0,,,None,,,Unknown,,
102,1045,375.189002979076,4.4,2,2024-02-14,Electronics,2,226.84497607236457,31.0,,,None,,,Unknown,,
102,1146,79.02439553524333,2.7,4,2024-05-25,Sports,5,226.84497607236457,101.0,,,None,,,Unknown,,
103,1052,436.7269749574567,4.8,3,2024-02-21,Groceries,2,272.0106422357932,0.0,103.0,A194,LinkedIn,0.0816326530612244,4.0,Negative,5.0,0.0816326530612244
103,1072,219.82064247035453,4.3,4,2024-03-12,Sports,3,272.0106422357932,20.0,103.0,A194,LinkedIn,0.0816326530612244,4.0,Negative,5.0,0.0816326530612244
103,1076,159.4843092795685,3.5,4,2024-03-16,Sports,3,272.0106422357932,4.0,103.0,A194,LinkedIn,0.0816326530612244,4.0,Negative,5.0,0.0816326530612244
104,1123,264.9864654792387,1.4638370504137377,1,2024-05-03,Groceries,5,354.07781353454345,0.0,104.0,A192,Instagram,0.2653061224489796,4.3,Positive,14.0,0.2653061224489796
104,1148,418.7219731840448,1.3387534517555668,1,2024-05-25,Electronics,5,354.07781353454345,22.0,104.0,A192,Instagram,0.2653061224489796,4.3,Positive,14.0,0.2653061224489796
104,1148,406.0097214247356,1.4846441667246413,1,2024-05-29,Clothing,5,354.07781353454345,4.0,104.0,A192,Instagram,0.2653061224489796,4.3,Positive,14.0,0.2653061224489796
104,1123,279.4412418650954,1.5,1,2024-05-02,Clothing,5,354.07781353454345,-27.0,104.0,A192,Instagram,0.2653061224489796,4.3,Positive,14.0,0.2653061224489796
104,1148,401.2296657196028,1.4,1,2024-05-27,Clothing,5,354.07781353454345,25.0,104.0,A192,Instagram,0.2653061224489796,4.3,Positive,14.0,0.2653061224489796
105,1074,276.3257359915667,1.5870104129203195,0,2024-03-16,Books,3,280.0211213396597,0.0,105.0,A163,TikTok,0.1020408163265306,4.0,Neutral,6.0,0.1020408163265306
105,1074,276.3257359915667,1.5870104129203195,0,2024-03-16,Books,3,280.0211213396597,0.0,105.0,A163,TikTok,0.1020408163265306,3.2,Neutral,6.0,0.1020408163265306
105,1076,281.16712042201715,1.5464668897345597,0,2024-01-02,Books,1,280.0211213396597,-74.0,105.0,A163,TikTok,0.1020408163265306,4.0,Neutral,6.0,0.1020408163265306
105,1076,281.16712042201715,1.5464668897345597,0,2024-01-02,Books,1,280.0211213396597,-74.0,105.0,A163,TikTok,0.1020408163265306,3.2,Neutral,6.0,0.1020408163265306
105,1074,282.5705076053954,1.5,0,2024-03-14,Books,3,280.0211213396597,72.0,105.0,A163,TikTok,0.1020408163265306,4.0,Neutral,6.0,0.1020408163265306
105,1074,282.5705076053954,1.5,0,2024-03-14,Books,3,280.0211213396597,72.0,105.0,A163,TikTok,0.1020408163265306,3.2,Neutral,6.0,0.1020408163265306
106,1126,219.52798605763883,3.3185261745037864,1,2024-05-04,Sports,5,282.5920873401106,0.0,106.0,A102,LinkedIn,0.0612244897959183,4.8,Neutral,4.0,0.0612244897959183
106,1047,393.671792813277,1.7,4,2024-02-16,Sports,2,282.5920873401106,-78.0,106.0,A102,LinkedIn,0.0612244897959183,4.8,Neutral,4.0,0.0612244897959183
106,1126,234.57648314941605,3.5,1,2024-05-05,Clothing,5,282.5920873401106,79.0,106.0,A102,LinkedIn,0.0612244897959183,4.8,Neutral,4.0,0.0612244897959183
107,1114,482.6184287349796,4.095949256361706,2,2024-04-22,Clothing,4,377.81820193262354,0.0,,,None,,,Unknown,,
107,1117,268.5979661089334,2.601238416758772,1,2024-01-14,Clothing,1,377.81820193262354,-99.0,,,None,,,Unknown,,
107,1065,276.6378032948878,1.1,0,2024-03-05,Books,3,377.81820193262354,51.0,,,None,,,Unknown,,
107,1114,456.5601259581721,4.2,2,2024-04-23,Electronics,4,377.81820193262354,49.0,,,None,,,Unknown,,
107,1119,404.6766855661449,3.2,4,2024-04-28,Sports,4,377.81820193262354,5.0,,,None,,,Unknown,,
108,1111,235.94250436838368,2.182945523643,0,2024-04-18,Books,4,228.4969277249731,0.0,,,None,,,Unknown,,
108,1111,261.293910812742,2.3900667193069074,0,2024-04-19,Electronics,4,228.4969277249731,1.0,,,None,,,Unknown,,
108,1056,158.34228790636405,2.8,3,2024-02-25,Groceries,2,228.4969277249731,-54.0,,,None,,,Unknown,,
108,1111,258.4090078124026,2.3,0,2024-04-20,Books,4,228.4969277249731,55.0,,,None,,,Unknown,,
109,1033,234.83218094406644,2.435577326871679,3,2024-01-21,Groceries,1,234.83218094406644,0.0,109.0,A102,LinkedIn,0.0612244897959183,4.8,Neutral,4.0,0.0612244897959183
110,1117,299.45074836063054,2.910444482701814,4,2024-04-26,Electronics,4,312.505795216291,0.0,110.0,A137,LinkedIn,0.1428571428571428,3.5,Neutral,8.0,0.1428571428571428
110,1117,299.45074836063054,2.910444482701814,4,2024-04-26,Electronics,4,312.505795216291,0.0,110.0,A137,TikTok,0.1428571428571428,3.1,Positive,8.0,0.1428571428571428
110,1117,325.56084207195147,3.0,4,2024-04-26,Sports,4,312.505795216291,0.0,110.0,A137,LinkedIn,0.1428571428571428,3.5,Neutral,8.0,0.1428571428571428
110,1117,325.56084207195147,3.0,4,2024-04-26,Sports,4,312.505795216291,0.0,110.0,A137,TikTok,0.1428571428571428,3.1,Positive,8.0,0.1428571428571428
111,1129,362.5394593167829,3.8,1,2024-05-08,Clothing,5,362.5394593167829,0.0,111.0,A137,LinkedIn,0.1428571428571428,3.5,Neutral,8.0,0.1428571428571428
111,1129,362.5394593167829,3.8,1,2024-05-08,Clothing,5,362.5394593167829,0.0,111.0,A137,TikTok,0.1428571428571428,3.1,Positive,8.0,0.1428571428571428
113,1055,161.2779021159851,3.531407519027149,3,2024-02-23,Groceries,2,354.37596023851665,0.0,113.0,A196,Instagram,0.2244897959183673,3.9,Negative,12.0,0.2244897959183673
113,1087,530.1799978196404,4.2472017677683445,0,2024-03-24,Groceries,3,354.37596023851665,30.0,113.0,A196,Instagram,0.2244897959183673,3.9,Negative,12.0,0.2244897959183673
113,1087,464.9774872400653,3.902837613644105,0,2024-03-25,Electronics,3,354.37596023851665,1.0,113.0,A196,Instagram,0.2244897959183673,3.9,Negative,12.0,0.2244897959183673
113,1055,175.7451772592713,3.6,3,2024-02-24,Groceries,2,354.37596023851665,-30.0,113.0,A196,Instagram,0.2244897959183673,3.9,Negative,12.0,0.2244897959183673
113,1087,490.76983606149696,4.1,0,2024-03-27,Books,3,354.37596023851665,32.0,113.0,A196,Instagram,0.2244897959183673,3.9,Negative,12.0,0.2244897959183673
113,1150,303.30536093464093,1.0,1,2024-05-29,Clothing,5,354.37596023851665,63.0,113.0,A196,Instagram,0.2244897959183673,3.9,Negative,12.0,0.2244897959183673
114,1003,477.6997410182968,1.960418004266285,2,2023-12-31,Sports,12,262.4755132738331,0.0,114.0,A171,None,0.1632653061224489,,Unknown,9.0,0.1632653061224489
114,1090,169.36883726147354,4.313707099861184,1,2024-03-27,Electronics,3,262.4755132738331,87.0,114.0,A171,None,0.1632653061224489,,Unknown,9.0,0.1632653061224489
114,1090,165.10694299972684,4.215516742393738,1,2024-03-28,Clothing,3,262.4755132738331,1.0,114.0,A171,None,0.1632653061224489,,Unknown,9.0,0.1632653061224489
114,1106,263.00454240117926,4.88304763349828,1,2024-04-14,Electronics,4,262.4755132738331,17.0,114.0,A171,None,0.1632653061224489,,Unknown,9.0,0.1632653061224489
114,1106,269.6358260111003,4.697980887437738,1,2024-04-16,Electronics,4,262.4755132738331,2.0,114.0,A171,None,0.1632653061224489,,Unknown,9.0,0.1632653061224489
114,1003,436.4597422497768,2.1,2,2024-01-03,Electronics,1,262.4755132738331,-104.0,114.0,A171,None,0.1632653061224489,,Unknown,9.0,0.1632653061224489
114,1037,173.26985894097058,2.7,1,2024-02-06,Clothing,2,262.4755132738331,34.0,114.0,A171,None,0.1632653061224489,,Unknown,9.0,0.1632653061224489
114,1090,160.78613200399133,4.4,1,2024-03-30,Clothing,3,262.4755132738331,53.0,114.0,A171,None,0.1632653061224489,,Unknown,9.0,0.1632653061224489
114,1106,246.94799657798256,4.8,1,2024-04-15,Clothing,4,262.4755132738331,16.0,114.0,A171,None,0.1632653061224489,,Unknown,9.0,0.1632653061224489
117,1051,431.5145857523072,3.3,4,2024-02-20,Sports,2,367.395004097884,0.0,,,None,,,Unknown,,
117,1080,303.27542244346085,2.1,2,2024-03-20,Electronics,3,367.395004097884,29.0,,,None,,,Unknown,,
120,1006,388.5240939808285,1.0721713398514026,3,2024-01-03,Sports,1,254.76435626422017,0.0,120.0,A159,None,0.1632653061224489,,Unknown,9.0,0.1632653061224489
120,1024,85.4869516263932,2.309395242350504,4,2024-01-23,Clothing,1,254.76435626422017,20.0,120.0,A159,None,0.1632653061224489,,Unknown,9.0,0.1632653061224489
120,1048,294.5573781329543,1.3890773191444272,3,2024-02-14,Sports,2,254.76435626422017,22.0,120.0,A159,None,0.1632653061224489,,Unknown,9.0,0.1632653061224489
120,1006,400.7866841610879,1.1,3,2024-01-06,Groceries,1,254.76435626422017,-39.0,120.0,A159,None,0.1632653061224489,,Unknown,9.0,0.1632653061224489
120,1024,80.87913907169818,2.4,4,2024-01-24,Sports,1,254.76435626422017,18.0,120.0,A159,None,0.1632653061224489,,Unknown,9.0,0.1632653061224489
120,1048,278.35189061235894,1.3,3,2024-02-17,Groceries,2,254.76435626422017,24.0,120.0,A159,None,0.1632653061224489,,Unknown,9.0,0.1632653061224489
121,1028,236.280034252952,1.2386003287912777,2,2024-01-28,Clothing,1,203.58222777141145,0.0,121.0,A185,TikTok,0.2244897959183673,3.4,Neutral,12.0,0.2244897959183673
121,1028,236.280034252952,1.2386003287912777,2,2024-01-28,Clothing,1,203.58222777141145,0.0,121.0,A185,Facebook,0.2244897959183673,2.4,Positive,12.0,0.2244897959183673
121,1028,236.280034252952,1.2386003287912777,2,2024-01-28,Clothing,1,203.58222777141145,0.0,121.0,A185,TikTok,0.2244897959183673,3.6,Positive,12.0,0.2244897959183673
121,1028,236.280034252952,1.2386003287912777,2,2024-01-28,Clothing,1,203.58222777141145,0.0,121.0,A185,TikTok,0.2244897959183673,1.5,Negative,12.0,0.2244897959183673
121,1015,145.32154610737987,3.9,4,2024-01-15,Sports,1,203.58222777141145,-13.0,121.0,A185,TikTok,0.2244897959183673,3.4,Neutral,12.0,0.2244897959183673
121,1015,145.32154610737987,3.9,4,2024-01-15,Sports,1,203.58222777141145,-13.0,121.0,A185,Facebook,0.2244897959183673,2.4,Positive,12.0,0.2244897959183673
121,1015,145.32154610737987,3.9,4,2024-01-15,Sports,1,203.58222777141145,-13.0,121.0,A185,TikTok,0.2244897959183673,3.6,Positive,12.0,0.2244897959183673
121,1015,145.32154610737987,3.9,4,2024-01-15,Sports,1,203.58222777141145,-13.0,121.0,A185,TikTok,0.2244897959183673,1.5,Negative,12.0,0.2244897959183673
121,1028,229.1451029539025,1.2,2,2024-01-28,Electronics,1,203.58222777141145,13.0,121.0,A185,TikTok,0.2244897959183673,3.4,Neutral,12.0,0.2244897959183673
121,1028,229.1451029539025,1.2,2,2024-01-28,Electronics,1,203.58222777141145,13.0,121.0,A185,Facebook,0.2244897959183673,2.4,Positive,12.0,0.2244897959183673
121,1028,229.1451029539025,1.2,2,2024-01-28,Electronics,1,203.58222777141145,13.0,121.0,A185,TikTok,0.2244897959183673,3.6,Positive,12.0,0.2244897959183673
121,1028,229.1451029539025,1.2,2,2024-01-28,Electronics,1,203.58222777141145,13.0,121.0,A185,TikTok,0.2244897959183673,1.5,Negative,12.0,0.2244897959183673
122,1133,297.6101826768881,1.3,3,2024-05-12,Groceries,5,297.6101826768881,0.0,122.0,A123,None,0.0,,Unknown,1.0,0.0
123,1013,265.96911891578856,1.8319486233381976,1,2024-01-12,Clothing,1,243.39541836811827,0.0,,,None,,,Unknown,,
123,1013,285.14532201795777,2.0,1,2024-01-13,Clothing,1,243.39541836811827,1.0,,,None,,,Unknown,,
123,1100,179.07181417060843,2.6,1,2024-04-09,Clothing,4,243.39541836811827,87.0,,,None,,,Unknown,,
124,1057,131.41647846706027,2.419107990605433,0,2024-01-04,Books,1,131.41647846706027,0.0,,,None,,,Unknown,,
125,1101,154.25298631385377,3.0438437006002914,2,2024-04-11,Sports,4,159.56703543642604,0.0,125.0,A166,Instagram,0.1020408163265306,3.8,Neutral,6.0,0.1020408163265306
125,1101,154.25298631385377,3.0438437006002914,2,2024-04-11,Sports,4,159.56703543642604,0.0,125.0,A166,Instagram,0.1020408163265306,4.3,Neutral,6.0,0.1020408163265306
125,1101,154.25298631385377,3.0438437006002914,2,2024-04-11,Sports,4,159.56703543642604,0.0,125.0,A166,TikTok,0.1020408163265306,1.5,Neutral,6.0,0.1020408163265306
125,1101,164.8810845589983,3.0,2,2024-04-10,Electronics,4,159.56703543642604,-1.0,125.0,A166,Instagram,0.1020408163265306,3.8,Neutral,6.0,0.1020408163265306
125,1101,164.8810845589983,3.0,2,2024-04-10,Electronics,4,159.56703543642604,-1.0,125.0,A166,Instagram,0.1020408163265306,4.3,Neutral,6.0,0.1020408163265306
125,1101,164.8810845589983,3.0,2,2024-04-10,Electronics,4,159.56703543642604,-1.0,125.0,A166,TikTok,0.1020408163265306,1.5,Neutral,6.0,0.1020408163265306
127,1125,144.2981770957307,4.098725549008764,2,2024-05-02,Clothing,5,144.54041044519326,0.0,127.0,A144,Twitter,0.0408163265306122,1.3,Positive,3.0,0.0408163265306122
127,1125,137.35776745385866,3.8832691786223146,2,2024-05-04,Groceries,5,144.54041044519326,2.0,127.0,A144,Twitter,0.0408163265306122,1.3,Positive,3.0,0.0408163265306122
127,1125,151.96528678599037,4.0,2,2024-05-04,Electronics,5,144.54041044519326,0.0,127.0,A144,Twitter,0.0408163265306122,1.3,Positive,3.0,0.0408163265306122
128,1105,223.94874163233743,4.615345608623891,0,2024-04-16,Books,4,220.626569177693,0.0,128.0,A132,LinkedIn,0.0612244897959183,3.3,Positive,4.0,0.0612244897959183
128,1105,217.30439672304857,4.8,0,2024-04-14,Books,4,220.626569177693,-2.0,128.0,A132,LinkedIn,0.0612244897959183,3.3,Positive,4.0,0.0612244897959183
129,1019,285.13656357058994,4.022904703112807,2,2024-01-18,Sports,1,277.40227566179664,0.0,129.0,A114,Facebook,0.1224489795918367,4.8,Negative,7.0,0.1224489795918367
129,1019,269.80595463210835,3.860063016731457,2,2024-01-19,Electronics,1,277.40227566179664,1.0,129.0,A114,Facebook,0.1224489795918367,4.8,Negative,7.0,0.1224489795918367
129,1019,277.2643087826916,4.0,2,2024-01-19,Electronics,1,277.40227566179664,0.0,129.0,A114,Facebook,0.1224489795918367,4.8,Negative,7.0,0.1224489795918367
132,1122,406.9153157616233,2.4073536516107654,1,2024-04-28,Clothing,4,326.7005469289983,0.0,132.0,A134,None,0.0816326530612244,,Unknown,5.0,0.0816326530612244
132,1120,424.8727525603604,2.5241054738596205,1,2024-01-17,Clothing,1,326.7005469289983,-102.0,132.0,A134,None,0.0816326530612244,,Unknown,5.0,0.0816326530612244
132,1025,63.43670269537934,4.0,2,2024-01-25,Electronics,1,326.7005469289983,8.0,132.0,A134,None,0.0816326530612244,,Unknown,5.0,0.0816326530612244
132,1122,427.4438550648374,2.4,1,2024-05-01,Clothing,5,326.7005469289983,97.0,132.0,A134,None,0.0816326530612244,,Unknown,5.0,0.0816326530612244
132,1131,310.8341085627912,4.3,4,2024-05-10,Sports,5,326.7005469289983,9.0,132.0,A134,None,0.0816326530612244,,Unknown,5.0,0.0816326530612244
133,1083,419.920774700254,4.313939818121073,4,2024-03-20,Groceries,3,410.4648979765593,0.0,,,None,,,Unknown,,
133,1083,410.08429136785895,4.2,4,2024-03-23,Sports,3,410.4648979765593,3.0,,,None,,,Unknown,,
133,1130,401.38962786156486,1.3,2,2024-05-09,Electronics,5,410.4648979765593,47.0,,,None,,,Unknown,,
134,1141,229.64682313081383,4.060674483480464,0,2024-05-22,Electronics,5,232.7620237405071,0.0,134.0,A120,Facebook,0.2857142857142857,1.4,Positive,15.0,0.2857142857142857
134,1141,229.64682313081383,4.060674483480464,0,2024-05-22,Electronics,5,232.7620237405071,0.0,134.0,A120,Instagram,0.2857142857142857,3.0,Positive,15.0,0.2857142857142857
134,1141,229.64682313081383,4.060674483480464,0,2024-05-22,Electronics,5,232.7620237405071,0.0,134.0,A120,Instagram,0.2857142857142857,3.6,Positive,15.0,0.2857142857142857
134,1067,283.0579062808625,3.7,4,2024-03-07,Sports,3,232.7620237405071,-76.0,134.0,A120,Facebook,0.2857142857142857,1.4,Positive,15.0,0.2857142857142857
134,1067,283.0579062808625,3.7,4,2024-03-07,Sports,3,232.7620237405071,-76.0,134.0,A120,Instagram,0.2857142857142857,3.0,Positive,15.0,0.2857142857142857
134,1067,283.0579062808625,3.7,4,2024-03-07,Sports,3,232.7620237405071,-76.0,134.0,A120,Instagram,0.2857142857142857,3.6,Positive,15.0,0.2857142857142857
134,1120,142.8215155713685,2.8,3,2024-04-29,Groceries,4,232.7620237405071,53.0,134.0,A120,Facebook,0.2857142857142857,1.4,Positive,15.0,0.2857142857142857
134,1120,142.8215155713685,2.8,3,2024-04-29,Groceries,4,232.7620237405071,53.0,134.0,A120,Instagram,0.2857142857142857,3.0,Positive,15.0,0.2857142857142857
134,1120,142.8215155713685,2.8,3,2024-04-29,Groceries,4,232.7620237405071,53.0,134.0,A120,Instagram,0.2857142857142857,3.6,Positive,15.0,0.2857142857142857
134,1121,257.97422889653336,4.6,4,2024-04-30,Sports,4,232.7620237405071,1.0,134.0,A120,Facebook,0.2857142857142857,1.4,Positive,15.0,0.2857142857142857
134,1121,257.97422889653336,4.6,4,2024-04-30,Sports,4,232.7620237405071,1.0,134.0,A120,Instagram,0.2857142857142857,3.0,Positive,15.0,0.2857142857142857
134,1121,257.97422889653336,4.6,4,2024-04-30,Sports,4,232.7620237405071,1.0,134.0,A120,Instagram,0.2857142857142857,3.6,Positive,15.0,0.2857142857142857
134,1141,250.30964482295715,4.0,0,2024-05-20,Books,5,232.7620237405071,20.0,134.0,A120,Facebook,0.2857142857142857,1.4,Positive,15.0,0.2857142857142857
134,1141,250.30964482295715,4.0,0,2024-05-20,Books,5,232.7620237405071,20.0,134.0,A120,Instagram,0.2857142857142857,3.0,Positive,15.0,0.2857142857142857
134,1141,250.30964482295715,4.0,0,2024-05-20,Books,5,232.7620237405071,20.0,134.0,A120,Instagram,0.2857142857142857,3.6,Positive,15.0,0.2857142857142857
135,1109,407.1238830447479,3.3808320562779004,1,2024-01-11,Clothing,1,383.794923256418,0.0,135.0,A129,Twitter,0.0204081632653061,4.5,Neutral,2.0,0.0204081632653061
135,1070,360.4659634680881,3.0,2,2024-03-10,Electronics,3,383.794923256418,59.0,135.0,A129,Twitter,0.0204081632653061,4.5,Neutral,2.0,0.0204081632653061
136,1136,465.8463243207717,2.5,2,2024-05-15,Electronics,5,465.8463243207717,0.0,136.0,A107,Twitter,0.1020408163265306,1.9,Neutral,6.0,0.1020408163265306
136,1136,465.8463243207717,2.5,2,2024-05-15,Electronics,5,465.8463243207717,0.0,136.0,A107,Facebook,0.1020408163265306,4.4,Positive,6.0,0.1020408163265306
136,1136,465.8463243207717,2.5,2,2024-05-15,Electronics,5,465.8463243207717,0.0,136.0,A107,Twitter,0.1020408163265306,4.2,Positive,6.0,0.1020408163265306
137,1077,133.2555538800639,2.024165853995028,3,2024-01-19,Groceries,1,212.3149002257869,0.0,137.0,A149,Facebook,0.0204081632653061,1.3,Positive,2.0,0.0204081632653061
137,1020,291.37424657150984,3.2,2,2024-01-20,Electronics,1,212.3149002257869,1.0,137.0,A149,Facebook,0.0204081632653061,1.3,Positive,2.0,0.0204081632653061
138,1050,284.60417489443495,1.1,2,2024-02-19,Electronics,2,284.60417489443495,0.0,138.0,A124,TikTok,0.9591836734693876,4.6,Neutral,48.0,0.9591836734693876
138,1050,284.60417489443495,1.1,2,2024-02-19,Electronics,2,284.60417489443495,0.0,138.0,A124,Facebook,0.9591836734693876,3.7,Positive,48.0,0.9591836734693876
138,1050,284.60417489443495,1.1,2,2024-02-19,Electronics,2,284.60417489443495,0.0,138.0,A124,LinkedIn,0.9591836734693876,3.2,Positive,48.0,0.9591836734693876
139,1095,374.2190896885346,4.597749253107979,1,2024-04-06,Groceries,4,378.0426890380576,0.0,139.0,A157,None,0.0204081632653061,,Unknown,2.0,0.0204081632653061
139,1095,381.8662883875807,4.6,1,2024-04-04,Clothing,4,378.0426890380576,-2.0,139.0,A157,None,0.0204081632653061,,Unknown,2.0,0.0204081632653061
140,1104,242.01509064532536,2.3799294178370625,3,2024-04-15,Groceries,4,222.000964757705,0.0,140.0,A145,Twitter,0.0612244897959183,2.4,Neutral,4.0,0.0612244897959183
140,1124,187.5060233785061,1.5820824201082142,3,2024-05-01,Clothing,5,222.000964757705,16.0,140.0,A145,Twitter,0.0612244897959183,2.4,Neutral,4.0,0.0612244897959183
140,1104,265.06867495956186,2.3,3,2024-04-13,Groceries,4,222.000964757705,-18.0,140.0,A145,Twitter,0.0612244897959183,2.4,Neutral,4.0,0.0612244897959183
140,1124,193.41407004742663,1.6,3,2024-05-03,Groceries,5,222.000964757705,20.0,140.0,A145,Twitter,0.0612244897959183,2.4,Neutral,4.0,0.0612244897959183
141,1033,221.76705962235351,1.4,3,2024-02-02,Groceries,2,221.76705962235351,0.0,141.0,A107,Twitter,0.1020408163265306,1.9,Neutral,6.0,0.1020408163265306
141,1033,221.76705962235351,1.4,3,2024-02-02,Groceries,2,221.76705962235351,0.0,141.0,A107,Facebook,0.1020408163265306,4.4,Positive,6.0,0.1020408163265306
141,1033,221.76705962235351,1.4,3,2024-02-02,Groceries,2,221.76705962235351,0.0,141.0,A107,Twitter,0.1020408163265306,4.2,Positive,6.0,0.1020408163265306
143,1064,232.4841821627108,1.528759768710668,4,2024-03-01,Electronics,3,305.530991094102,0.0,,,None,,,Unknown,,
143,1080,434.2369114932377,3.740065218873192,3,2024-01-20,Groceries,1,305.530991094102,-41.0,,,None,,,Unknown,,
143,1064,226.14375684513328,1.4,4,2024-03-04,Sports,3,305.530991094102,44.0,,,None,,,Unknown,,
143,1082,441.7475703298487,4.0,3,2024-03-22,Groceries,3,305.530991094102,18.0,,,None,,,Unknown,,
143,1138,193.0425346395796,4.3,4,2024-05-17,Sports,5,305.530991094102,56.0,,,None,,,Unknown,,
144,1107,468.6309989947603,3.3,1,2024-04-16,Clothing,4,468.6309989947603,0.0,144.0,A116,Twitter,1.0,1.1,Negative,50.0,1.0
144,1107,468.6309989947603,3.3,1,2024-04-16,Clothing,4,468.6309989947603,0.0,144.0,A116,LinkedIn,1.0,2.4,Neutral,50.0,1.0
144,1107,468.6309989947603,3.3,1,2024-04-16,Clothing,4,468.6309989947603,0.0,144.0,A116,Instagram,1.0,4.6,Neutral,50.0,1.0
144,1107,468.6309989947603,3.3,1,2024-04-16,Clothing,4,468.6309989947603,0.0,144.0,A116,TikTok,1.0,1.2,Negative,50.0,1.0
146,1066,389.147685199818,1.205681512911443,3,2024-03-06,Sports,3,315.71974217107146,0.0,146.0,A196,Instagram,0.2244897959183673,3.9,Negative,12.0,0.2244897959183673
146,1066,346.04155616208766,1.59175412135912,3,2024-03-08,Electronics,3,315.71974217107146,2.0,146.0,A196,Instagram,0.2244897959183673,3.9,Negative,12.0,0.2244897959183673
146,1041,158.67913813813652,3.5167557359199577,0,2024-01-08,Books,1,315.71974217107146,-60.0,146.0,A196,Instagram,0.2244897959183673,3.9,Negative,12.0,0.2244897959183673
146,1040,155.9872082085027,3.5,0,2024-02-09,Books,2,315.71974217107146,32.0,146.0,A196,Instagram,0.2244897959183673,3.9,Negative,12.0,0.2244897959183673
146,1066,366.6221373634069,1.4,3,2024-03-06,Groceries,3,315.71974217107146,26.0,146.0,A196,Instagram,0.2244897959183673,3.9,Negative,12.0,0.2244897959183673
146,1144,477.8407279544771,4.1,4,2024-05-23,Sports,5,315.71974217107146,78.0,146.0,A196,Instagram,0.2244897959183673,3.9,Negative,12.0,0.2244897959183673
147,1132,196.56790687905732,3.957410622888896,1,2024-05-08,Clothing,5,214.88429699812764,0.0,147.0,A159,None,0.1632653061224489,,Unknown,9.0,0.1632653061224489
147,1089,246.74691581608903,3.0,3,2024-03-29,Groceries,3,214.88429699812764,-40.0,147.0,A159,None,0.1632653061224489,,Unknown,9.0,0.1632653061224489
147,1132,201.3380682992365,3.8,1,2024-05-11,Clothing,5,214.88429699812764,43.0,147.0,A159,None,0.1632653061224489,,Unknown,9.0,0.1632653061224489
148,1030,158.41659301868623,4.3240989770533576,4,2024-02-01,Sports,2,153.1126146372331,0.0,,,None,,,Unknown,,
148,1030,147.80863625577996,4.4,4,2024-01-30,Sports,1,153.1126146372331,-2.0,,,None,,,Unknown,,
149,1071,405.3606203618395,1.101882432835294,4,2024-03-08,Books,3,410.4753774607631,0.0,149.0,A131,LinkedIn,0.0816326530612244,3.0,Positive,5.0,0.0816326530612244
149,1071,415.5901345596867,1.1,4,2024-03-11,Sports,3,410.4753774607631,3.0,149.0,A131,LinkedIn,0.0816326530612244,3.0,Positive,5.0,0.0816326530612244
150,1042,394.0335968683938,3.145201028958322,4,2024-02-09,Sports,2,318.8929881576205,0.0,150.0,A143,Instagram,0.0408163265306122,1.2,Negative,3.0,0.0408163265306122
150,1042,390.5924375291775,3.0,4,2024-02-11,Sports,2,318.8929881576205,2.0,150.0,A143,Instagram,0.0408163265306122,1.2,Negative,3.0,0.0408163265306122
150,1046,172.0529300752901,3.6,0,2024-02-15,Books,2,318.8929881576205,4.0,150.0,A143,Instagram,0.0408163265306122,1.2,Negative,3.0,0.0408163265306122
151,1001,406.8099294584367,2.3,4,2024-01-01,Sports,1,406.8099294584367,0.0,151.0,A176,Facebook,0.0408163265306122,3.3,Negative,3.0,0.0408163265306122
152,1016,444.3841257811024,3.6,0,2024-01-16,Books,1,415.6458195919988,0.0,152.0,A152,Facebook,0.1020408163265306,4.1,Positive,6.0,0.1020408163265306
152,1016,444.3841257811024,3.6,0,2024-01-16,Books,1,415.6458195919988,0.0,152.0,A152,Instagram,0.1020408163265306,4.2,Positive,6.0,0.1020408163265306
152,1058,328.1595155250478,4.8,1,2024-02-27,Clothing,2,415.6458195919988,42.0,152.0,A152,Facebook,0.1020408163265306,4.1,Positive,6.0,0.1020408163265306
152,1058,328.1595155250478,4.8,1,2024-02-27,Clothing,2,415.6458195919988,42.0,152.0,A152,Instagram,0.1020408163265306,4.2,Positive,6.0,0.1020408163265306
152,1099,474.393817469846,4.6,1,2024-04-08,Clothing,4,415.6458195919988,41.0,152.0,A152,Facebook,0.1020408163265306,4.1,Positive,6.0,0.1020408163265306
152,1099,474.393817469846,4.6,1,2024-04-08,Clothing,4,415.6458195919988,41.0,152.0,A152,Instagram,0.1020408163265306,4.2,Positive,6.0,0.1020408163265306
153,1077,393.7097973804069,4.450295852183005,2,2024-03-19,Electronics,3,338.32066088692915,0.0,,,None,,,Unknown,,
153,1075,246.4421657112076,3.8,3,2024-03-15,Groceries,3,338.32066088692915,-4.0,,,None,,,Unknown,,
153,1077,374.81001956917294,4.5,2,2024-03-17,Electronics,3,338.32066088692915,2.0,,,None,,,Unknown,,
154,1043,357.81148087464544,3.021766984056093,2,2024-02-09,Electronics,2,350.9580982415106,0.0,,,None,,,Unknown,,
154,1043,344.1047156083757,3.0,2,2024-02-12,Electronics,2,350.9580982415106,3.0,,,None,,,Unknown,,
156,1098,470.685525157796,4.371413091324895,1,2024-01-15,Clothing,1,470.685525157796,0.0,,,None,,,Unknown,,
157,1027,397.32198712593214,1.5,3,2024-01-27,Groceries,1,397.32198712593214,0.0,157.0,A168,LinkedIn,0.0,4.4,Positive,1.0,0.0
158,1032,129.06453305154824,2.825661352840889,2,2024-02-02,Sports,2,123.63799386080665,0.0,158.0,A126,TikTok,0.3061224489795918,3.1,Neutral,16.0,0.3061224489795918
158,1032,129.06453305154824,2.825661352840889,2,2024-02-02,Sports,2,123.63799386080665,0.0,158.0,A126,Facebook,0.3061224489795918,4.3,Negative,16.0,0.3061224489795918
158,1091,115.62675054984152,1.4789762106379405,3,2024-01-25,Groceries,1,123.63799386080665,-8.0,158.0,A126,TikTok,0.3061224489795918,3.1,Neutral,16.0,0.3061224489795918
158,1091,115.62675054984152,1.4789762106379405,3,2024-01-25,Groceries,1,123.63799386080665,-8.0,158.0,A126,Facebook,0.3061224489795918,4.3,Negative,16.0,0.3061224489795918
158,1032,126.22269798103017,2.9,2,2024-02-01,Electronics,2,123.63799386080665,7.0,158.0,A126,TikTok,0.3061224489795918,3.1,Neutral,16.0,0.3061224489795918
158,1032,126.22269798103017,2.9,2,2024-02-01,Electronics,2,123.63799386080665,7.0,158.0,A126,Facebook,0.3061224489795918,4.3,Negative,16.0,0.3061224489795918
159,1023,55.49052662450081,2.1676181291441505,3,2024-01-22,Electronics,1,249.1099023725828,0.0,159.0,A170,None,0.2040816326530612,,Unknown,11.0,0.2040816326530612
159,1054,507.4982897441128,2.554818938459188,0,2024-02-23,Electronics,2,249.1099023725828,32.0,159.0,A170,None,0.2040816326530612,,Unknown,11.0,0.2040816326530612
159,1054,509.9070225639877,2.754650900939734,0,2024-02-24,Electronics,2,249.1099023725828,1.0,159.0,A170,None,0.2040816326530612,,Unknown,11.0,0.2040816326530612
159,1103,222.965510768412,1.5627679720944458,2,2024-04-11,Electronics,4,249.1099023725828,47.0,159.0,A170,None,0.2040816326530612,,Unknown,11.0,0.2040816326530612
159,1103,226.7152018655662,1.3375750809739873,2,2024-04-11,Electronics,4,249.1099023725828,0.0,159.0,A170,None,0.2040816326530612,,Unknown,11.0,0.2040816326530612
159,1036,108.4124606032106,2.939117192189407,0,2024-01-07,Books,1,249.1099023725828,-95.0,159.0,A170,None,0.2040816326530612,,Unknown,11.0,0.2040816326530612
159,1023,57.26453736203439,2.0,3,2024-01-23,Groceries,1,249.1099023725828,16.0,159.0,A170,None,0.2040816326530612,,Unknown,11.0,0.2040816326530612
159,1035,109.31361499635302,2.9,0,2024-02-04,Books,2,249.1099023725828,12.0,159.0,A170,None,0.2040816326530612,,Unknown,11.0,0.2040816326530612
159,1054,509.1985317612437,2.6,0,2024-02-23,Books,2,249.1099023725828,19.0,159.0,A170,None,0.2040816326530612,,Unknown,11.0,0.2040816326530612
159,1062,201.38588960179555,1.8,2,2024-03-02,Electronics,3,249.1099023725828,8.0,159.0,A170,None,0.2040816326530612,,Unknown,11.0,0.2040816326530612
159,1103,232.057340207194,1.4,2,2024-04-12,Electronics,4,249.1099023725828,41.0,159.0,A170,None,0.2040816326530612,,Unknown,11.0,0.2040816326530612
160,1005,60.53589342428473,1.3,1,2024-01-05,Clothing,1,64.72319151882071,0.0,,,None,,,Unknown,,
160,1033,68.91048961335669,2.6508884729488527,3,2024-01-24,Groceries,1,64.72319151882071,19.0,,,None,,,Unknown,,
161,1039,75.50093064665329,3.035441192234973,3,2024-02-10,Sports,2,206.37704224054195,0.0,161.0,A118,Facebook,0.1836734693877551,3.9,Negative,10.0,0.1836734693877551
161,1085,138.69872187150318,2.647535102575357,4,2024-03-25,Sports,3,206.37704224054195,44.0,161.0,A118,Facebook,0.1836734693877551,3.9,Negative,10.0,0.1836734693877551
161,1085,124.35673834648354,2.838387876284304,4,2024-03-26,Clothing,3,206.37704224054195,1.0,161.0,A118,Facebook,0.1836734693877551,3.9,Negative,10.0,0.1836734693877551
161,1134,508.9720065506071,1.2895211940841986,4,2024-05-15,Sports,5,206.37704224054195,50.0,161.0,A118,Facebook,0.1836734693877551,3.9,Negative,10.0,0.1836734693877551
161,1038,332.0327110108108,2.6,1,2024-02-07,Clothing,2,206.37704224054195,-98.0,161.0,A118,Facebook,0.1836734693877551,3.9,Negative,10.0,0.1836734693877551
161,1039,75.15693019941291,3.0,3,2024-02-08,Groceries,2,206.37704224054195,1.0,161.0,A118,Facebook,0.1836734693877551,3.9,Negative,10.0,0.1836734693877551
161,1041,74.90184422943257,1.2,2,2024-02-10,Electronics,2,206.37704224054195,2.0,161.0,A118,Facebook,0.1836734693877551,3.9,Negative,10.0,0.1836734693877551
161,1085,134.04673054832708,2.7,4,2024-03-25,Sports,3,206.37704224054195,44.0,161.0,A118,Facebook,0.1836734693877551,3.9,Negative,10.0,0.1836734693877551
161,1094,113.07304084154728,1.4,3,2024-04-03,Groceries,4,206.37704224054195,9.0,161.0,A118,Facebook,0.1836734693877551,3.9,Negative,10.0,0.1836734693877551
161,1134,487.0307681606415,1.3,4,2024-05-13,Sports,5,206.37704224054195,40.0,161.0,A118,Facebook,0.1836734693877551,3.9,Negative,10.0,0.1836734693877551
162,1079,78.56780935107787,4.105258361083496,0,2024-03-18,Sports,3,237.9343465540977,0.0,162.0,A126,TikTok,0.3061224489795918,3.1,Neutral,16.0,0.3061224489795918
162,1079,78.56780935107787,4.105258361083496,0,2024-03-18,Sports,3,237.9343465540977,0.0,162.0,A126,Facebook,0.3061224489795918,4.3,Negative,16.0,0.3061224489795918
162,1116,336.2791224214478,1.274778654739639,0,2024-04-22,Sports,4,237.9343465540977,35.0,162.0,A126,TikTok,0.3061224489795918,3.1,Neutral,16.0,0.3061224489795918
162,1116,336.2791224214478,1.274778654739639,0,2024-04-22,Sports,4,237.9343465540977,35.0,162.0,A126,Facebook,0.3061224489795918,4.3,Negative,16.0,0.3061224489795918
162,1116,353.32668457706205,1.3944204127342783,0,2024-04-25,Clothing,4,237.9343465540977,3.0,162.0,A126,TikTok,0.3061224489795918,3.1,Neutral,16.0,0.3061224489795918
162,1116,353.32668457706205,1.3944204127342783,0,2024-04-25,Clothing,4,237.9343465540977,3.0,162.0,A126,Facebook,0.3061224489795918,4.3,Negative,16.0,0.3061224489795918
162,1079,79.36512826927179,4.2,0,2024-03-19,Books,3,237.9343465540977,-37.0,162.0,A126,TikTok,0.3061224489795918,3.1,Neutral,16.0,0.3061224489795918
162,1079,79.36512826927179,4.2,0,2024-03-19,Books,3,237.9343465540977,-37.0,162.0,A126,Facebook,0.3061224489795918,4.3,Negative,16.0,0.3061224489795918
162,1116,342.1329881516287,1.4,0,2024-04-25,Books,4,237.9343465540977,37.0,162.0,A126,TikTok,0.3061224489795918,3.1,Neutral,16.0,0.3061224489795918
162,1116,342.1329881516287,1.4,0,2024-04-25,Books,4,237.9343465540977,37.0,162.0,A126,Facebook,0.3061224489795918,4.3,Negative,16.0,0.3061224489795918
163,1022,226.09796132703755,2.7,3,2024-01-22,Groceries,1,352.58558692736415,0.0,163.0,A180,Facebook,0.0612244897959183,3.8,Negative,4.0,0.0612244897959183
163,1022,226.09796132703755,2.7,3,2024-01-22,Groceries,1,352.58558692736415,0.0,163.0,A180,LinkedIn,0.0612244897959183,2.1,Negative,4.0,0.0612244897959183
163,1044,479.0732125276908,3.0,4,2024-02-13,Sports,2,352.58558692736415,22.0,163.0,A180,Facebook,0.0612244897959183,3.8,Negative,4.0,0.0612244897959183
163,1044,479.0732125276908,3.0,4,2024-02-13,Sports,2,352.58558692736415,22.0,163.0,A180,LinkedIn,0.0612244897959183,2.1,Negative,4.0,0.0612244897959183
164,1108,318.2926870044933,3.679743979767813,3,2024-04-15,Clothing,4,354.433269382573,0.0,164.0,A119,None,0.0816326530612244,,Unknown,5.0,0.0816326530612244
164,1142,385.9446575436736,2.592672839693498,4,2024-05-23,Electronics,5,354.433269382573,38.0,164.0,A119,None,0.0816326530612244,,Unknown,5.0,0.0816326530612244
164,1047,408.721000730937,4.43777466758976,1,2024-01-13,Clothing,1,354.433269382573,-131.0,164.0,A119,None,0.0816326530612244,,Unknown,5.0,0.0816326530612244
164,1108,298.54489240841826,3.5,3,2024-04-17,Groceries,4,354.433269382573,95.0,164.0,A119,None,0.0816326530612244,,Unknown,5.0,0.0816326530612244
164,1142,360.66310922534274,2.5,4,2024-05-21,Sports,5,354.433269382573,34.0,164.0,A119,None,0.0816326530612244,,Unknown,5.0,0.0816326530612244
170,1063,361.69748128264825,1.2601970930989113,0,2024-03-02,Books,3,454.0305925735199,0.0,170.0,A181,Twitter,0.0816326530612244,2.1,Positive,5.0,0.0816326530612244
170,1110,528.6674186836017,2.95351691644107,2,2024-04-16,Clothing,4,454.0305925735199,45.0,170.0,A181,Twitter,0.0816326530612244,2.1,Positive,5.0,0.0816326530612244
170,1110,516.5486130094666,2.845951977368697,2,2024-04-20,Clothing,4,454.0305925735199,4.0,170.0,A181,Twitter,0.0816326530612244,2.1,Positive,5.0,0.0816326530612244
170,1063,377.959368410135,1.3,0,2024-03-03,Books,3,454.0305925735199,-48.0,170.0,A181,Twitter,0.0816326530612244,2.1,Positive,5.0,0.0816326530612244
170,1110,485.2800814817479,3.0,2,2024-04-19,Electronics,4,454.0305925735199,47.0,170.0,A181,Twitter,0.0816326530612244,2.1,Positive,5.0,0.0816326530612244
171,1091,61.72485801539329,2.6515283235193485,2,2024-03-29,Sports,3,161.23315889740266,0.0,,,None,,,Unknown,,
171,1128,205.1033841662461,1.4174757545242094,1,2024-05-08,Clothing,5,161.23315889740266,40.0,,,None,,,Unknown,,
171,1004,257.134919611884,2.8,1,2024-01-04,Clothing,1,161.23315889740266,-125.0,,,None,,,Unknown,,
171,1091,60.194866309981016,2.7,2,2024-03-31,Electronics,3,161.23315889740266,87.0,,,None,,,Unknown,,
171,1128,222.00776638350885,1.3,1,2024-05-07,Clothing,5,161.23315889740266,37.0,,,None,,,Unknown,,
172,1049,241.4875860385897,3.453048388301925,2,2024-02-16,Books,2,204.8394802696153,0.0,,,None,,,Unknown,,
172,1127,155.30759434811796,1.506985823154562,0,2024-05-07,Sports,5,204.8394802696153,81.0,,,None,,,Unknown,,
172,1049,254.85585847160385,3.6,2,2024-02-18,Electronics,2,204.8394802696153,-79.0,,,None,,,Unknown,,
172,1127,167.7068822201497,1.4,0,2024-05-06,Books,5,204.8394802696153,78.0,,,None,,,Unknown,,
173,1084,141.24363914474878,5.0,2,2024-03-25,Books,3,146.4238383618776,0.0,173.0,A194,LinkedIn,0.0816326530612244,4.0,Negative,5.0,0.0816326530612244
173,1084,151.60403757900636,5.0,2,2024-03-24,Electronics,3,146.4238383618776,-1.0,173.0,A194,LinkedIn,0.0816326530612244,4.0,Negative,5.0,0.0816326530612244
174,1010,128.16929355627167,2.4185460018453475,4,2024-01-10,Electronics,1,209.52700915928213,0.0,174.0,A148,Facebook,0.0612244897959183,1.7,Neutral,4.0,0.0612244897959183
174,1009,235.227872346386,3.8,2,2024-01-09,Electronics,1,209.52700915928213,-1.0,174.0,A148,Facebook,0.0612244897959183,1.7,Neutral,4.0,0.0612244897959183
174,1010,117.3953472960604,2.6,4,2024-01-10,Sports,1,209.52700915928213,1.0,174.0,A148,Facebook,0.0612244897959183,1.7,Neutral,4.0,0.0612244897959183
174,1109,357.3155234384105,1.871408143361232,2,2024-01-18,Electronics,1,209.52700915928213,8.0,174.0,A148,Facebook,0.0612244897959183,1.7,Neutral,4.0,0.0612244897959183
175,1026,197.51280375763096,1.0749335193928808,4,2024-01-23,Sports,1,200.91778384826603,0.0,175.0,A176,Facebook,0.0408163265306122,3.3,Negative,3.0,0.0408163265306122
175,1026,204.32276393890103,1.1,4,2024-01-26,Sports,1,200.91778384826603,3.0,175.0,A176,Facebook,0.0408163265306122,3.3,Negative,3.0,0.0408163265306122
177,1092,161.9514662437602,4.034342619641528,1,2024-03-31,Electronics,3,188.6378955538869,0.0,177.0,A183,TikTok,0.3061224489795918,4.1,Positive,16.0,0.3061224489795918
177,1092,161.9514662437602,4.034342619641528,1,2024-03-31,Electronics,3,188.6378955538869,0.0,177.0,A183,TikTok,0.3061224489795918,5.0,Positive,16.0,0.3061224489795918
177,1145,200.22589716181,3.11133331651965,3,2024-05-23,Groceries,5,188.6378955538869,53.0,177.0,A183,TikTok,0.3061224489795918,4.1,Positive,16.0,0.3061224489795918
177,1145,200.22589716181,3.11133331651965,3,2024-05-23,Groceries,5,188.6378955538869,53.0,177.0,A183,TikTok,0.3061224489795918,5.0,Positive,16.0,0.3061224489795918
177,1145,176.62920659268892,3.2075116871929725,3,2024-05-24,Electronics,5,188.6378955538869,1.0,177.0,A183,TikTok,0.3061224489795918,4.1,Positive,16.0,0.3061224489795918
177,1145,176.62920659268892,3.2075116871929725,3,2024-05-24,Electronics,5,188.6378955538869,1.0,177.0,A183,TikTok,0.3061224489795918,5.0,Positive,16.0,0.3061224489795918
177,1068,233.5719920917697,1.3,3,2024-03-08,Groceries,3,188.6378955538869,-77.0,177.0,A183,TikTok,0.3061224489795918,4.1,Positive,16.0,0.3061224489795918
177,1068,233.5719920917697,1.3,3,2024-03-08,Groceries,3,188.6378955538869,-77.0,177.0,A183,TikTok,0.3061224489795918,5.0,Positive,16.0,0.3061224489795918
177,1092,176.70971022026848,4.0,1,2024-04-01,Clothing,4,188.6378955538869,24.0,177.0,A183,TikTok,0.3061224489795918,4.1,Positive,16.0,0.3061224489795918
177,1092,176.70971022026848,4.0,1,2024-04-01,Clothing,4,188.6378955538869,24.0,177.0,A183,TikTok,0.3061224489795918,5.0,Positive,16.0,0.3061224489795918
177,1145,182.739101013024,3.2,3,2024-05-24,Groceries,5,188.6378955538869,53.0,177.0,A183,TikTok,0.3061224489795918,4.1,Positive,16.0,0.3061224489795918
177,1145,182.739101013024,3.2,3,2024-05-24,Groceries,5,188.6378955538869,53.0,177.0,A183,TikTok,0.3061224489795918,5.0,Positive,16.0,0.3061224489795918
179,1036,487.8062320342,1.7,1,2024-02-05,Clothing,2,383.3287164649511,0.0,179.0,A111,Instagram,0.0204081632653061,4.1,Negative,2.0,0.0204081632653061
179,1097,278.8512008957021,4.3,3,2024-04-06,Groceries,4,383.3287164649511,61.0,179.0,A111,Instagram,0.0204081632653061,4.1,Negative,2.0,0.0204081632653061
180,1110,362.3134092373553,2.8999749158180026,1,2024-01-12,Clothing,1,307.3852061809432,0.0,180.0,A131,LinkedIn,0.0816326530612244,3.0,Positive,5.0,0.0816326530612244
180,1069,206.99521799635937,2.3,2,2024-03-09,Electronics,3,307.3852061809432,57.0,180.0,A131,LinkedIn,0.0816326530612244,3.0,Positive,5.0,0.0816326530612244
180,1118,352.84699130911474,1.2,2,2024-04-27,Electronics,4,307.3852061809432,49.0,180.0,A131,LinkedIn,0.0816326530612244,3.0,Positive,5.0,0.0816326530612244
181,1098,452.9325984276183,3.169431850890485,1,2024-04-05,Clothing,4,450.6850638072556,0.0,181.0,A177,LinkedIn,0.0612244897959183,1.4,Positive,4.0,0.0612244897959183
181,1098,452.9325984276183,3.169431850890485,1,2024-04-05,Clothing,4,450.6850638072556,0.0,181.0,A177,Twitter,0.0612244897959183,1.3,Positive,4.0,0.0612244897959183
181,1098,448.4375291868929,3.0,1,2024-04-07,Clothing,4,450.6850638072556,2.0,181.0,A177,LinkedIn,0.0612244897959183,1.4,Positive,4.0,0.0612244897959183
181,1098,448.4375291868929,3.0,1,2024-04-07,Clothing,4,450.6850638072556,2.0,181.0,A177,Twitter,0.0612244897959183,1.3,Positive,4.0,0.0612244897959183
182,1007,93.1674522364296,5.0,4,2024-01-07,Books,1,151.73187388635307,0.0,182.0,A193,TikTok,0.0408163265306122,2.6,Negative,3.0,0.0408163265306122
182,1007,85.35656263132975,4.9,4,2024-01-07,Sports,1,151.73187388635307,0.0,182.0,A193,TikTok,0.0408163265306122,2.6,Negative,3.0,0.0408163265306122
182,1083,276.67160679129984,3.932920527747076,3,2024-01-22,Groceries,1,151.73187388635307,15.0,182.0,A193,TikTok,0.0408163265306122,2.6,Negative,3.0,0.0408163265306122
183,1017,451.175483958513,3.392310029667017,1,2024-01-16,Clothing,1,340.54914544438054,0.0,183.0,A183,TikTok,0.3061224489795918,4.1,Positive,16.0,0.3061224489795918
183,1017,451.175483958513,3.392310029667017,1,2024-01-16,Clothing,1,340.54914544438054,0.0,183.0,A183,TikTok,0.3061224489795918,5.0,Positive,16.0,0.3061224489795918
183,1060,229.92280693024807,4.8,2,2024-02-29,Electronics,2,340.54914544438054,44.0,183.0,A183,TikTok,0.3061224489795918,4.1,Positive,16.0,0.3061224489795918
183,1060,229.92280693024807,4.8,2,2024-02-29,Electronics,2,340.54914544438054,44.0,183.0,A183,TikTok,0.3061224489795918,5.0,Positive,16.0,0.3061224489795918
184,1096,280.40012790675087,3.0,1,2024-04-05,Clothing,4,280.40012790675087,0.0,,,None,,,Unknown,,
185,1139,195.15257786786344,4.722287446203322,4,2024-05-16,Groceries,5,193.50182120018047,0.0,,,None,,,Unknown,,
185,1139,191.85106453249747,4.8,4,2024-05-18,Sports,5,193.50182120018047,2.0,,,None,,,Unknown,,
186,1008,431.5281604473255,4.3,1,2024-01-08,Clothing,1,351.8862168831747,0.0,186.0,A160,TikTok,0.1020408163265306,2.6,Positive,6.0,0.1020408163265306
186,1008,431.5281604473255,4.3,1,2024-01-08,Clothing,1,351.8862168831747,0.0,186.0,A160,LinkedIn,0.1020408163265306,2.0,Neutral,6.0,0.1020408163265306
186,1008,431.5281604473255,4.3,1,2024-01-08,Clothing,1,351.8862168831747,0.0,186.0,A160,Instagram,0.1020408163265306,2.9,Neutral,6.0,0.1020408163265306
186,1093,272.2442733190239,4.0,1,2024-04-02,Clothing,4,351.8862168831747,85.0,186.0,A160,TikTok,0.1020408163265306,2.6,Positive,6.0,0.1020408163265306
186,1093,272.2442733190239,4.0,1,2024-04-02,Clothing,4,351.8862168831747,85.0,186.0,A160,LinkedIn,0.1020408163265306,2.0,Neutral,6.0,0.1020408163265306
186,1093,272.2442733190239,4.0,1,2024-04-02,Clothing,4,351.8862168831747,85.0,186.0,A160,Instagram,0.1020408163265306,2.9,Neutral,6.0,0.1020408163265306
187,1011,385.0099757118346,1.7052848512298329,4,2024-01-10,Clothing,1,349.33100471171093,0.0,187.0,A124,TikTok,0.9591836734693876,4.6,Neutral,48.0,0.9591836734693876
187,1011,385.0099757118346,1.7052848512298329,4,2024-01-10,Clothing,1,349.33100471171093,0.0,187.0,A124,Facebook,0.9591836734693876,3.7,Positive,48.0,0.9591836734693876
187,1011,385.0099757118346,1.7052848512298329,4,2024-01-10,Clothing,1,349.33100471171093,0.0,187.0,A124,LinkedIn,0.9591836734693876,3.2,Positive,48.0,0.9591836734693876
187,1018,466.6881565012425,4.853256425925025,3,2024-01-16,Sports,1,349.33100471171093,6.0,187.0,A124,TikTok,0.9591836734693876,4.6,Neutral,48.0,0.9591836734693876
187,1018,466.6881565012425,4.853256425925025,3,2024-01-16,Sports,1,349.33100471171093,6.0,187.0,A124,Facebook,0.9591836734693876,3.7,Positive,48.0,0.9591836734693876
187,1018,466.6881565012425,4.853256425925025,3,2024-01-16,Sports,1,349.33100471171093,6.0,187.0,A124,LinkedIn,0.9591836734693876,3.2,Positive,48.0,0.9591836734693876
187,1112,232.26892133679888,3.8096005367114,4,2024-04-18,Clothing,4,349.33100471171093,93.0,187.0,A124,TikTok,0.9591836734693876,4.6,Neutral,48.0,0.9591836734693876
187,1112,232.26892133679888,3.8096005367114,4,2024-04-18,Clothing,4,349.33100471171093,93.0,187.0,A124,Facebook,0.9591836734693876,3.7,Positive,48.0,0.9591836734693876
187,1112,232.26892133679888,3.8096005367114,4,2024-04-18,Clothing,4,349.33100471171093,93.0,187.0,A124,LinkedIn,0.9591836734693876,3.2,Positive,48.0,0.9591836734693876
187,1112,246.54019556344025,3.777050256866806,4,2024-04-21,Clothing,4,349.33100471171093,3.0,187.0,A124,TikTok,0.9591836734693876,4.6,Neutral,48.0,0.9591836734693876
187,1112,246.54019556344025,3.777050256866806,4,2024-04-21,Clothing,4,349.33100471171093,3.0,187.0,A124,Facebook,0.9591836734693876,3.7,Positive,48.0,0.9591836734693876
187,1112,246.54019556344025,3.777050256866806,4,2024-04-21,Clothing,4,349.33100471171093,3.0,187.0,A124,LinkedIn,0.9591836734693876,3.2,Positive,48.0,0.9591836734693876
187,1115,275.59878790673594,4.2541691295523005,4,2024-04-22,Books,4,349.33100471171093,1.0,187.0,A124,TikTok,0.9591836734693876,4.6,Neutral,48.0,0.9591836734693876
187,1115,275.59878790673594,4.2541691295523005,4,2024-04-22,Books,4,349.33100471171093,1.0,187.0,A124,Facebook,0.9591836734693876,3.7,Positive,48.0,0.9591836734693876
187,1115,275.59878790673594,4.2541691295523005,4,2024-04-22,Books,4,349.33100471171093,1.0,187.0,A124,LinkedIn,0.9591836734693876,3.2,Positive,48.0,0.9591836734693876
187,1112,238.4564953483711,3.594570488316573,4,2024-04-23,Clothing,4,349.33100471171093,1.0,187.0,A124,TikTok,0.9591836734693876,4.6,Neutral,48.0,0.9591836734693876
187,1112,238.4564953483711,3.594570488316573,4,2024-04-23,Clothing,4,349.33100471171093,1.0,187.0,A124,Facebook,0.9591836734693876,3.7,Positive,48.0,0.9591836734693876
187,1112,238.4564953483711,3.594570488316573,4,2024-04-23,Clothing,4,349.33100471171093,1.0,187.0,A124,LinkedIn,0.9591836734693876,3.2,Positive,48.0,0.9591836734693876
187,1115,295.56837253935225,4.372400452259352,4,2024-04-26,Clothing,4,349.33100471171093,3.0,187.0,A124,TikTok,0.9591836734693876,4.6,Neutral,48.0,0.9591836734693876
187,1115,295.56837253935225,4.372400452259352,4,2024-04-26,Clothing,4,349.33100471171093,3.0,187.0,A124,Facebook,0.9591836734693876,3.7,Positive,48.0,0.9591836734693876
187,1115,295.56837253935225,4.372400452259352,4,2024-04-26,Clothing,4,349.33100471171093,3.0,187.0,A124,LinkedIn,0.9591836734693876,3.2,Positive,48.0,0.9591836734693876
187,1135,451.4907220209664,5.0,0,2024-05-15,Books,5,349.33100471171093,19.0,187.0,A124,TikTok,0.9591836734693876,4.6,Neutral,48.0,0.9591836734693876
187,1135,451.4907220209664,5.0,0,2024-05-15,Books,5,349.33100471171093,19.0,187.0,A124,Facebook,0.9591836734693876,3.7,Positive,48.0,0.9591836734693876
187,1135,451.4907220209664,5.0,0,2024-05-15,Books,5,349.33100471171093,19.0,187.0,A124,LinkedIn,0.9591836734693876,3.2,Positive,48.0,0.9591836734693876
187,1135,526.1165915460739,4.76881579674741,0,2024-05-16,Electronics,5,349.33100471171093,1.0,187.0,A124,TikTok,0.9591836734693876,4.6,Neutral,48.0,0.9591836734693876
187,1135,526.1165915460739,4.76881579674741,0,2024-05-16,Electronics,5,349.33100471171093,1.0,187.0,A124,Facebook,0.9591836734693876,3.7,Positive,48.0,0.9591836734693876
187,1135,526.1165915460739,4.76881579674741,0,2024-05-16,Electronics,5,349.33100471171093,1.0,187.0,A124,LinkedIn,0.9591836734693876,3.2,Positive,48.0,0.9591836734693876
187,1011,404.0658465772282,1.7,4,2024-01-11,Sports,1,349.33100471171093,-126.0,187.0,A124,TikTok,0.9591836734693876,4.6,Neutral,48.0,0.9591836734693876
187,1011,404.0658465772282,1.7,4,2024-01-11,Sports,1,349.33100471171093,-126.0,187.0,A124,Facebook,0.9591836734693876,3.7,Positive,48.0,0.9591836734693876
187,1011,404.0658465772282,1.7,4,2024-01-11,Sports,1,349.33100471171093,-126.0,187.0,A124,LinkedIn,0.9591836734693876,3.2,Positive,48.0,0.9591836734693876
187,1018,439.39870129539537,4.8,3,2024-01-18,Groceries,1,349.33100471171093,7.0,187.0,A124,TikTok,0.9591836734693876,4.6,Neutral,48.0,0.9591836734693876
187,1018,439.39870129539537,4.8,3,2024-01-18,Groceries,1,349.33100471171093,7.0,187.0,A124,Facebook,0.9591836734693876,3.7,Positive,48.0,0.9591836734693876
187,1018,439.39870129539537,4.8,3,2024-01-18,Groceries,1,349.33100471171093,7.0,187.0,A124,LinkedIn,0.9591836734693876,3.2,Positive,48.0,0.9591836734693876
187,1058,266.7839998831483,2.9285530459483127,3,2024-01-23,Groceries,1,349.33100471171093,5.0,187.0,A124,TikTok,0.9591836734693876,4.6,Neutral,48.0,0.9591836734693876
187,1058,266.7839998831483,2.9285530459483127,3,2024-01-23,Groceries,1,349.33100471171093,5.0,187.0,A124,Facebook,0.9591836734693876,3.7,Positive,48.0,0.9591836734693876
187,1058,266.7839998831483,2.9285530459483127,3,2024-01-23,Groceries,1,349.33100471171093,5.0,187.0,A124,LinkedIn,0.9591836734693876,3.2,Positive,48.0,0.9591836734693876
187,1112,238.5826426439056,3.7,4,2024-04-21,Sports,4,349.33100471171093,89.0,187.0,A124,TikTok,0.9591836734693876,4.6,Neutral,48.0,0.9591836734693876
187,1112,238.5826426439056,3.7,4,2024-04-21,Sports,4,349.33100471171093,89.0,187.0,A124,Facebook,0.9591836734693876,3.7,Positive,48.0,0.9591836734693876
187,1112,238.5826426439056,3.7,4,2024-04-21,Sports,4,349.33100471171093,89.0,187.0,A124,LinkedIn,0.9591836734693876,3.2,Positive,48.0,0.9591836734693876
187,1115,289.4565726572759,4.2,4,2024-04-24,Sports,4,349.33100471171093,3.0,187.0,A124,TikTok,0.9591836734693876,4.6,Neutral,48.0,0.9591836734693876
187,1115,289.4565726572759,4.2,4,2024-04-24,Sports,4,349.33100471171093,3.0,187.0,A124,Facebook,0.9591836734693876,3.7,Positive,48.0,0.9591836734693876
187,1115,289.4565726572759,4.2,4,2024-04-24,Sports,4,349.33100471171093,3.0,187.0,A124,LinkedIn,0.9591836734693876,3.2,Positive,48.0,0.9591836734693876
187,1135,483.9390891438942,4.9,0,2024-05-14,Books,5,349.33100471171093,20.0,187.0,A124,TikTok,0.9591836734693876,4.6,Neutral,48.0,0.9591836734693876
187,1135,483.9390891438942,4.9,0,2024-05-14,Books,5,349.33100471171093,20.0,187.0,A124,Facebook,0.9591836734693876,3.7,Positive,48.0,0.9591836734693876
187,1135,483.9390891438942,4.9,0,2024-05-14,Books,5,349.33100471171093,20.0,187.0,A124,LinkedIn,0.9591836734693876,3.2,Positive,48.0,0.9591836734693876
188,1029,295.47078327198926,1.3409424674071526,4,2024-01-27,Clothing,1,289.8315779316983,0.0,188.0,A192,Instagram,0.2653061224489796,4.3,Positive,14.0,0.2653061224489796
188,1029,300.64269462605154,1.0592459612354577,4,2024-01-28,Books,1,289.8315779316983,1.0,188.0,A192,Instagram,0.2653061224489796,4.3,Positive,14.0,0.2653061224489796
188,1102,107.1192891614082,4.761895153457032,2,2024-04-11,Books,4,289.8315779316983,74.0,188.0,A192,Instagram,0.2653061224489796,4.3,Positive,14.0,0.2653061224489796
188,1109,338.6035916974856,2.725253704670904,1,2024-04-15,Clothing,4,289.8315779316983,4.0,188.0,A192,Instagram,0.2653061224489796,4.3,Positive,14.0,0.2653061224489796
188,1135,471.51722857651856,4.525613151193114,0,2024-01-01,Books,1,289.8315779316983,-105.0,188.0,A192,Instagram,0.2653061224489796,4.3,Positive,14.0,0.2653061224489796
188,1029,301.21180205371024,1.2,4,2024-01-29,Sports,1,289.8315779316983,28.0,188.0,A192,Instagram,0.2653061224489796,4.3,Positive,14.0,0.2653061224489796
188,1053,329.0801536546395,3.3,3,2024-02-22,Groceries,2,289.8315779316983,24.0,188.0,A192,Instagram,0.2653061224489796,4.3,Positive,14.0,0.2653061224489796
188,1102,102.55035878146587,4.6,2,2024-04-11,Electronics,4,289.8315779316983,49.0,188.0,A192,Instagram,0.2653061224489796,4.3,Positive,14.0,0.2653061224489796
188,1109,362.28829956201554,2.8,1,2024-04-18,Clothing,4,289.8315779316983,7.0,188.0,A192,Instagram,0.2653061224489796,4.3,Positive,14.0,0.2653061224489796
189,1135,467.0305027386706,4.390386134372138,0,2024-01-09,Books,1,315.66230888607214,0.0,189.0,A173,TikTok,0.1428571428571428,4.3,Negative,8.0,0.1428571428571428
189,1135,467.0305027386706,4.390386134372138,0,2024-01-09,Books,1,315.66230888607214,0.0,189.0,A173,Facebook,0.1428571428571428,3.9,Negative,8.0,0.1428571428571428
189,1057,272.31977188353835,3.2,3,2024-02-26,Groceries,2,315.66230888607214,48.0,189.0,A173,TikTok,0.1428571428571428,4.3,Negative,8.0,0.1428571428571428
189,1057,272.31977188353835,3.2,3,2024-02-26,Groceries,2,315.66230888607214,48.0,189.0,A173,Facebook,0.1428571428571428,3.9,Negative,8.0,0.1428571428571428
189,1081,333.9368719045543,3.0,0,2024-03-21,Books,3,315.66230888607214,24.0,189.0,A173,TikTok,0.1428571428571428,4.3,Negative,8.0,0.1428571428571428
189,1081,333.9368719045543,3.0,0,2024-03-21,Books,3,315.66230888607214,24.0,189.0,A173,Facebook,0.1428571428571428,3.9,Negative,8.0,0.1428571428571428
189,1149,189.3620890175253,3.0,4,2024-05-28,Sports,5,315.66230888607214,68.0,189.0,A173,TikTok,0.1428571428571428,4.3,Negative,8.0,0.1428571428571428
189,1149,189.3620890175253,3.0,4,2024-05-28,Sports,5,315.66230888607214,68.0,189.0,A173,Facebook,0.1428571428571428,3.9,Negative,8.0,0.1428571428571428
190,1031,352.43835870696,3.673860371391911,3,2024-02-01,Groceries,2,400.0763211221181,0.0,190.0,A133,Twitter,0.2857142857142857,1.9,Positive,15.0,0.2857142857142857
190,1031,352.43835870696,3.673860371391911,3,2024-02-01,Groceries,2,400.0763211221181,0.0,190.0,A133,Twitter,0.2857142857142857,4.8,Negative,15.0,0.2857142857142857
190,1031,352.43835870696,3.673860371391911,3,2024-02-01,Groceries,2,400.0763211221181,0.0,190.0,A133,Instagram,0.2857142857142857,2.7,Positive,15.0,0.2857142857142857
190,1140,449.2344046106329,4.796095584351207,4,2024-05-19,Books,5,400.0763211221181,108.0,190.0,A133,Twitter,0.2857142857142857,1.9,Positive,15.0,0.2857142857142857
190,1140,449.2344046106329,4.796095584351207,4,2024-05-19,Books,5,400.0763211221181,108.0,190.0,A133,Twitter,0.2857142857142857,4.8,Negative,15.0,0.2857142857142857
190,1140,449.2344046106329,4.796095584351207,4,2024-05-19,Books,5,400.0763211221181,108.0,190.0,A133,Instagram,0.2857142857142857,2.7,Positive,15.0,0.2857142857142857
190,1135,460.6928768628764,4.199374186710509,0,2024-01-05,Books,1,400.0763211221181,-135.0,190.0,A133,Twitter,0.2857142857142857,1.9,Positive,15.0,0.2857142857142857
190,1135,460.6928768628764,4.199374186710509,0,2024-01-05,Books,1,400.0763211221181,-135.0,190.0,A133,Twitter,0.2857142857142857,4.8,Negative,15.0,0.2857142857142857
190,1135,460.6928768628764,4.199374186710509,0,2024-01-05,Books,1,400.0763211221181,-135.0,190.0,A133,Instagram,0.2857142857142857,2.7,Positive,15.0,0.2857142857142857
190,1031,329.28550191760723,3.8,3,2024-01-31,Groceries,1,400.0763211221181,26.0,190.0,A133,Twitter,0.2857142857142857,1.9,Positive,15.0,0.2857142857142857
190,1031,329.28550191760723,3.8,3,2024-01-31,Groceries,1,400.0763211221181,26.0,190.0,A133,Twitter,0.2857142857142857,4.8,Negative,15.0,0.2857142857142857
190,1031,329.28550191760723,3.8,3,2024-01-31,Groceries,1,400.0763211221181,26.0,190.0,A133,Instagram,0.2857142857142857,2.7,Positive,15.0,0.2857142857142857
190,1140,408.7304635125139,4.9,4,2024-05-19,Sports,5,400.0763211221181,109.0,190.0,A133,Twitter,0.2857142857142857,1.9,Positive,15.0,0.2857142857142857
190,1140,408.7304635125139,4.9,4,2024-05-19,Sports,5,400.0763211221181,109.0,190.0,A133,Twitter,0.2857142857142857,4.8,Negative,15.0,0.2857142857142857
190,1140,408.7304635125139,4.9,4,2024-05-19,Sports,5,400.0763211221181,109.0,190.0,A133,Instagram,0.2857142857142857,2.7,Positive,15.0,0.2857142857142857
191,1034,83.5864408178752,2.957760577020531,2,2024-02-02,Groceries,2,260.2583299102815,0.0,191.0,A114,Facebook,0.1224489795918367,4.8,Negative,7.0,0.1224489795918367
191,1061,418.709934882052,4.723574179147012,4,2024-02-29,Clothing,2,260.2583299102815,27.0,191.0,A114,Facebook,0.1224489795918367,4.8,Negative,7.0,0.1224489795918367
191,1034,91.5706967321249,3.0,2,2024-02-03,Electronics,2,260.2583299102815,-26.0,191.0,A114,Facebook,0.1224489795918367,4.8,Negative,7.0,0.1224489795918367
191,1061,447.1662472090738,4.6,4,2024-03-01,Sports,3,260.2583299102815,27.0,191.0,A114,Facebook,0.1224489795918367,4.8,Negative,7.0,0.1224489795918367
192,1002,317.48420214088856,4.220236967376193,2,2024-01-04,Sports,1,380.0933866252494,0.0,192.0,A156,Instagram,0.0408163265306122,4.9,Positive,3.0,0.0408163265306122
192,1002,324.99663761634014,4.2,2,2024-01-02,Electronics,1,380.0933866252494,-2.0,192.0,A156,Instagram,0.0408163265306122,4.9,Positive,3.0,0.0408163265306122
192,1078,497.7993201185195,3.9,0,2024-03-18,Books,3,380.0933866252494,76.0,192.0,A156,Instagram,0.0408163265306122,4.9,Positive,3.0,0.0408163265306122
193,1134,395.9883497571719,2.3527937603524287,0,2024-01-03,Books,1,395.9883497571719,0.0,193.0,A140,LinkedIn,0.0,3.1,Negative,1.0,0.0
194,1088,122.1470353869295,2.4098527203981663,2,2024-03-28,Groceries,3,127.40455564690188,0.0,194.0,A110,None,0.0204081632653061,,Unknown,2.0,0.0204081632653061
194,1088,132.66207590687426,2.4,2,2024-03-28,Electronics,3,127.40455564690188,0.0,194.0,A110,None,0.0204081632653061,,Unknown,2.0,0.0204081632653061
197,1085,153.6557548842278,2.5226429437253826,0,2024-01-06,Books,1,153.6557548842278,0.0,197.0,A137,LinkedIn,0.1428571428571428,3.5,Neutral,8.0,0.1428571428571428
197,1085,153.6557548842278,2.5226429437253826,0,2024-01-06,Books,1,153.6557548842278,0.0,197.0,A137,TikTok,0.1428571428571428,3.1,Positive,8.0,0.1428571428571428
198,1137,404.3089807233946,2.5,0,2024-05-16,Books,5,444.5390290792206,0.0,198.0,A132,LinkedIn,0.0612244897959183,3.3,Positive,4.0,0.0612244897959183
198,1143,484.7690774350466,3.0,0,2024-05-22,Books,5,444.5390290792206,6.0,198.0,A132,LinkedIn,0.0612244897959183,3.3,Positive,4.0,0.0612244897959183
199,1086,167.82960902809475,2.6871254121182373,0,2024-03-26,Books,3,203.59620795697103,0.0,199.0,A178,LinkedIn,0.1632653061224489,4.9,Positive,9.0,0.1632653061224489
199,1086,167.82960902809475,2.6871254121182373,0,2024-03-26,Books,3,203.59620795697103,0.0,199.0,A178,LinkedIn,0.1632653061224489,1.5,Neutral,9.0,0.1632653061224489
199,1086,167.82960902809475,2.6871254121182373,0,2024-03-26,Books,3,203.59620795697103,0.0,199.0,A178,TikTok,0.1632653061224489,3.5,Negative,9.0,0.1632653061224489
199,1012,289.6899156175767,1.6,2,2024-01-12,Electronics,1,203.59620795697103,-74.0,199.0,A178,LinkedIn,0.1632653061224489,4.9,Positive,9.0,0.1632653061224489
199,1012,289.6899156175767,1.6,2,2024-01-12,Electronics,1,203.59620795697103,-74.0,199.0,A178,LinkedIn,0.1632653061224489,1.5,Neutral,9.0,0.1632653061224489
199,1012,289.6899156175767,1.6,2,2024-01-12,Electronics,1,203.59620795697103,-74.0,199.0,A178,TikTok,0.1632653061224489,3.5,Negative,9.0,0.1632653061224489
199,1086,153.26909922524166,2.5,0,2024-03-26,Books,3,203.59620795697103,74.0,199.0,A178,LinkedIn,0.1632653061224489,4.9,Positive,9.0,0.1632653061224489
199,1086,153.26909922524166,2.5,0,2024-03-26,Books,3,203.59620795697103,74.0,199.0,A178,LinkedIn,0.1632653061224489,1.5,Neutral,9.0,0.1632653061224489
199,1086,153.26909922524166,2.5,0,2024-03-26,Books,3,203.59620795697103,74.0,199.0,A178,TikTok,0.1632653061224489,3.5,Negative,9.0,0.1632653061224489
